sep=,
"Rank","Team","GP","Poss","%Time","Pts","PPP","FG Att","FG Made","FG Miss","FG%","eFG%","FTA/FGA","+1%","Score%","2 FG Att","2 FG Made","2 FG Miss","2 FG%","3FG Att","3 FG Made","3 FG Miss","3 FG%","3PA/FGA"
1,"UC Santa Barbara Gauchos",11,2.2,3.7,2.7,1.25,2.2,1.3,0.9,58.3,58.3,0.08,8.3,58.3,2.2,1.3,0.9,58.3,0,0,0,,0
2,"Saint Mary's Gaels",14,1.5,2.9,1.9,1.238,1.5,0.9,0.6,61.9,61.9,0,0,61.9,1.5,0.9,0.6,61.9,0,0,0,,0
3,"Murray State Racers",11,2.7,4,3.2,1.167,2.7,1.5,1.2,56.7,56.7,0.07,6.7,56.7,2.7,1.5,1.2,56.7,0,0,0,,0
4,"Drake Bulldogs",11,2.3,3.5,2.6,1.16,2.3,1.3,1,56,56,0.04,4,56,2.3,1.3,1,56,0,0,0,,0
5,"McNeese State Cowgirls",11,2.5,5.3,2.8,1.148,2.5,1.4,1.1,55.6,55.6,0.11,11.1,55.6,2.4,1.4,1,57.7,0.1,0,0.1,0,0.04
6,"Mercyhurst Lakers",11,2.6,4.5,3,1.138,2.6,1.5,1.2,55.2,55.2,0.03,3.4,55.2,2.6,1.5,1.2,55.2,0,0,0,,0
7,"Eastern Washington University",12,2.3,3.7,2.5,1.071,2.3,1.3,1.1,53.6,53.6,0,0,53.6,2.3,1.3,1.1,53.6,0,0,0,,0
8,"Texas State Bobcats",11,2.1,3.8,2.2,1.043,2.1,1,1.1,47.8,47.8,0.13,13,47.8,2.1,1,1.1,47.8,0,0,0,,0
8,"Dayton Flyers",12,1.9,3.1,2,1.043,1.9,0.9,1,47.8,47.8,0.13,13,47.8,1.9,0.9,1,47.8,0,0,0,,0
10,"Texas Tech Lady Raiders",14,2.2,3.9,2.3,1.032,2.2,1.1,1.1,48.4,48.4,0.13,12.9,48.4,2.2,1.1,1.1,48.4,0,0,0,,0
11,"Grand Canyon University Antelopes",12,3.2,5.7,3.3,1.026,3.2,1.6,1.6,50,50,0.05,5.3,50,3.2,1.6,1.6,50,0,0,0,,0
12,"Davidson Wildcats",14,2.2,4.2,2.2,1,2.2,1.1,1.1,48.4,48.4,0.03,3.2,48.4,2.2,1.1,1.1,48.4,0,0,0,,0
12,"Marist Red Foxes",12,1.7,2.7,1.7,1,1.7,0.8,0.8,50,50,0,0,50,1.7,0.8,0.8,50,0,0,0,,0
12,"Cal State Bakersfield Roadrunners",12,1.7,3,1.7,1,1.7,0.8,0.8,50,50,0,0,50,1.7,0.8,0.8,50,0,0,0,,0
12,"North Carolina State Wolfpack",13,2.2,3.2,2.2,1,2.2,1.1,1.1,50,50,0,0,50,2.2,1.1,1.1,50,0,0,0,,0
12,"Charleston Southern Buccaneers",12,2.4,3.6,2.4,1,2.4,1.2,1.3,48.3,48.3,0.03,3.4,48.3,2.4,1.2,1.3,48.3,0,0,0,,0
17,"Oakland Golden Grizzlies",12,2.4,3.9,2.3,0.966,2.4,1.1,1.3,44.8,44.8,0.1,10.3,44.8,2.4,1.1,1.3,44.8,0,0,0,,0
18,"New Haven Chargers",11,2.5,4.5,2.4,0.963,2.5,1.2,1.3,48.1,48.1,0,0,48.1,2.5,1.2,1.3,48.1,0,0,0,,0
19,"Villanova Wildcats",12,1.9,3.4,1.8,0.957,1.9,0.9,1,47.8,47.8,0,0,47.8,1.9,0.9,1,47.8,0,0,0,,0
20,"Southeastern Louisiana Lions",10,2.1,3.1,2,0.952,2.1,1,1.1,47.6,47.6,0,0,47.6,2.1,1,1.1,47.6,0,0,0,,0
21,"Arkansas-(Little Rock) Trojans",12,1.6,2.8,1.5,0.947,1.6,0.8,0.8,47.4,47.4,0,0,47.4,1.6,0.8,0.8,47.4,0,0,0,,0
22,"Florida A&M Rattlers",10,3.7,6,3.5,0.946,3.7,1.7,2,45.9,45.9,0.03,2.7,45.9,3.7,1.7,2,45.9,0,0,0,,0
23,"Le Moyne Dolphins",12,1.4,2.3,1.3,0.941,1.4,0.6,0.8,41.2,41.2,0.12,11.8,41.2,1.4,0.6,0.8,41.2,0,0,0,,0
24,"Louisiana-(Monroe) Warhawks",11,4.3,7.6,4,0.936,4.3,2,2.3,46.8,46.8,0.02,2.1,46.8,4.3,2,2.3,46.8,0,0,0,,0
25,"New Orleans Privateers",10,3.1,4.9,2.9,0.935,3.1,1.4,1.7,45.2,45.2,0.03,3.2,45.2,3.1,1.4,1.7,45.2,0,0,0,,0
26,"Lipscomb Bisons",11,2.6,4.2,2.5,0.931,2.6,1.2,1.5,44.8,44.8,0.03,3.4,44.8,2.6,1.2,1.5,44.8,0,0,0,,0
26,"Presbyterian Blue Hose",12,2.4,4.2,2.3,0.931,2.4,1.1,1.3,44.8,44.8,0.03,3.4,44.8,2.4,1.1,1.3,44.8,0,0,0,,0
28,"Mount St. Mary's Mountaineers",11,3.5,6.1,3.3,0.923,3.5,1.6,1.9,46.2,46.2,0.03,2.6,46.2,3.5,1.6,1.9,46.2,0,0,0,,0
28,"Utah Tech University Trailblazers",10,3.9,6.2,3.6,0.923,3.9,1.7,2.2,43.6,43.6,0.08,7.7,43.6,3.9,1.7,2.2,43.6,0,0,0,,0
30,"Stony Brook Seawolves",13,3.8,7,3.5,0.92,3.8,1.7,2.2,44,44,0.06,6,44,3.8,1.7,2.2,44,0,0,0,,0
31,"Wyoming Cowgirls",11,2.1,3.7,1.9,0.913,2.1,0.9,1.2,43.5,43.5,0.04,4.3,43.5,2.1,0.9,1.2,43.5,0,0,0,,0
32,"Boise State Broncos",13,2.6,4.2,2.4,0.912,2.6,1.2,1.5,44.1,44.1,0.03,2.9,44.1,2.6,1.2,1.5,44.1,0,0,0,,0
33,"Loyola (Chicago) Ramblers",12,1.8,3.4,1.7,0.909,1.8,0.8,1,45.5,45.5,0.05,4.5,45.5,1.8,0.8,1,45.5,0,0,0,,0
34,"Texas A&M Aggies",9,3.6,6.3,3.2,0.906,3.6,1.6,2,43.8,43.8,0.03,3.1,43.8,3.6,1.6,2,43.8,0,0,0,,0
35,"Wright State Raiders",14,2.2,3.7,2,0.903,2.2,0.9,1.3,41.9,41.9,0.1,9.7,41.9,2.2,0.9,1.3,41.9,0,0,0,,0
36,"Prairie View A&M Panthers",11,3.5,4.8,3.1,0.895,3.5,1.5,1.9,44.7,44.7,0,0,44.7,3.5,1.5,1.9,44.7,0,0,0,,0
37,"East Carolina Pirates",14,3.9,6.8,3.5,0.891,3.9,1.7,2.2,43.6,43.6,0.04,3.6,43.6,3.9,1.7,2.2,43.6,0,0,0,,0
38,"Evansville Aces",12,3,5.1,2.7,0.889,3,1.3,1.7,44.4,44.4,0,0,44.4,3,1.3,1.7,44.4,0,0,0,,0
38,"Mississippi Valley State Delta Devils",11,2.5,3.7,2.2,0.889,2.5,1,1.5,40.7,40.7,0.11,11.1,40.7,2.5,1,1.5,40.7,0,0,0,,0
40,"Massachusetts Minutewomen",10,2.5,4.4,2.2,0.88,2.5,1.1,1.4,44,44,0,0,44,2.5,1.1,1.4,44,0,0,0,,0
41,"Indiana University - Indianapolis Jaguars",12,2.8,4.8,2.4,0.879,2.8,1.2,1.6,42.4,42.4,0.03,3,42.4,2.8,1.2,1.6,42.4,0,0,0,,0
42,"Gonzaga Bulldogs",14,3.5,5.9,3.1,0.878,3.5,1.5,2,42.9,42.9,0.04,4.1,42.9,3.5,1.5,2,42.9,0,0,0,,0
43,"Youngstown State Penguins",12,1.3,2.4,1.2,0.875,1.3,0.6,0.8,43.8,43.8,0.06,6.3,43.8,1.3,0.6,0.8,43.8,0,0,0,,0
43,"Portland Pilots",13,3.7,6.2,3.2,0.875,3.7,1.5,2.2,41.7,41.7,0.06,6.3,41.7,3.7,1.5,2.2,41.7,0,0,0,,0
45,"Radford Highlanders",15,2.6,4.3,2.3,0.872,2.6,1.1,1.5,41,41,0.05,5.1,41,2.6,1.1,1.5,41,0,0,0,,0
45,"Michigan Wolverines",11,3.5,6.6,3.1,0.872,3.5,1.5,2.1,41,41,0.05,5.1,41,3.5,1.5,2.1,41,0,0,0,,0
47,"Virginia Commonwealth Rams",13,2.3,3.8,2,0.867,2.3,1,1.3,43.3,43.3,0.03,3.3,43.3,2.3,1,1.3,43.3,0,0,0,,0
48,"St. Thomas (MN) Tommies",13,2.2,4.1,1.9,0.862,2.2,0.9,1.3,41.4,41.4,0.03,3.4,41.4,2.2,0.9,1.3,41.4,0,0,0,,0
49,"Northern Kentucky Norse",14,3.6,5.8,3.1,0.86,3.6,1.5,2.1,42,42,0.04,4,42,3.6,1.5,2.1,42,0,0,0,,0
50,"Saint Francis (PA) Red Flash",11,2.5,3.9,2.2,0.857,2.5,1.1,1.5,42.9,42.9,0,0,42.9,2.5,1.1,1.5,42.9,0,0,0,,0
51,"South Carolina State Bulldogs",15,3.7,6.5,3.1,0.855,3.7,1.5,2.2,40,40,0.09,9.1,40,3.7,1.5,2.2,40,0,0,0,,0
52,"Austin Peay Governors",10,2.7,5.2,2.3,0.852,2.7,1.1,1.6,40.7,40.7,0.04,3.7,40.7,2.7,1.1,1.6,40.7,0,0,0,,0
53,"Stephen F. Austin Lumberjacks",11,3.6,5.2,3.1,0.85,3.6,1.5,2.1,42.5,42.5,0,0,42.5,3.6,1.5,2.1,42.5,0,0,0,,0
54,"Princeton Tigers",13,2.5,4.4,2.2,0.848,2.5,1.1,1.5,42.4,42.4,0,0,42.4,2.5,1.1,1.5,42.4,0,0,0,,0
55,"Army Black Knights",10,3.2,6.3,2.7,0.844,3.2,1.3,1.9,40.6,40.6,0.03,3.1,40.6,3.2,1.3,1.9,40.6,0,0,0,,0
56,"Brigham Young Cougars",13,2.9,4.9,2.5,0.842,2.9,1.2,1.7,42.1,42.1,0,0,42.1,2.9,1.2,1.7,42.1,0,0,0,,0
57,"Louisiana-(Lafayette) Ragin Cajuns",11,4,6.7,3.4,0.841,4,1.6,2.4,40.9,40.9,0.02,2.3,40.9,4,1.6,2.4,40.9,0,0,0,,0
58,"Pittsburgh Panthers",14,3.6,5.8,3,0.84,3.6,1.5,2.1,42,42,0.02,2,42,3.6,1.5,2.1,42,0,0,0,,0
59,"North Carolina Central Eagles",12,2.6,4.2,2.2,0.839,2.6,1,1.6,38.7,38.7,0.1,9.7,38.7,2.6,1,1.6,38.7,0,0,0,,0
60,"Rider Broncs",11,2.7,4.6,2.3,0.833,2.7,1.1,1.6,40,40,0.07,6.7,40,2.7,1.1,1.6,40,0,0,0,,0
61,"Washington State Cougars",14,2.1,3.4,1.7,0.828,2.1,0.9,1.2,41.4,41.4,0,0,41.4,2.1,0.9,1.2,41.4,0,0,0,,0
61,"Cincinnati Bearcats",11,2.6,4.3,2.2,0.828,2.6,1.1,1.5,41.4,41.4,0,0,41.4,2.6,1.1,1.5,41.4,0,0,0,,0
63,"Montana Lady Griz",11,2.1,3.2,1.7,0.826,2.1,0.8,1.3,39.1,39.1,0.04,4.3,39.1,2.1,0.8,1.3,39.1,0,0,0,,0
63,"American University Eagles",11,2.1,3.4,1.7,0.826,2.1,0.8,1.3,39.1,39.1,0.04,4.3,39.1,2.1,0.8,1.3,39.1,0,0,0,,0
65,"Massachusetts Lowell",12,3.8,6.1,3.1,0.822,3.8,1.5,2.3,40,40,0.02,2.2,40,3.8,1.5,2.3,40,0,0,0,,0
66,"Coppin State Eagles",15,2.2,3.6,1.8,0.818,2.2,0.9,1.3,39.4,39.4,0.03,3,39.4,2.2,0.9,1.3,39.4,0,0,0,,0
66,"Western Carolina Lady Catamounts",14,3.1,5.5,2.6,0.818,3.1,1.3,1.9,40.9,40.9,0.02,2.3,40.9,3.1,1.3,1.9,40.9,0,0,0,,0
66,"Seattle Redhawks",12,1.8,2.8,1.5,0.818,1.8,0.8,1.1,40.9,40.9,0,0,40.9,1.8,0.8,1.1,40.9,0,0,0,,0
69,"Maryland Terrapins",13,3.8,6.8,3.1,0.816,3.8,1.4,2.4,36.7,36.7,0.08,8.2,36.7,3.8,1.4,2.4,36.7,0,0,0,,0
70,"South Alabama Jaguars",12,3.6,6.1,2.9,0.814,3.6,1.4,2.2,39.5,39.5,0.02,2.3,39.5,3.6,1.4,2.2,39.5,0,0,0,,0
71,"East Texas A&M Lions",9,3.6,5.6,2.9,0.813,3.6,1.4,2.1,40.6,40.6,0,0,40.6,3.6,1.4,2.1,40.6,0,0,0,,0
72,"Fairfield Stags",11,3.4,6,2.7,0.811,3.4,1.3,2.1,37.8,37.8,0.05,5.4,37.8,3.4,1.3,2.1,37.8,0,0,0,,0
72,"Santa Clara Broncos",14,2.6,4.3,2.1,0.811,2.6,1.1,1.6,40.5,40.5,0,0,40.5,2.6,1.1,1.6,40.5,0,0,0,,0
74,"Boston College Eagles",14,3.4,5.7,2.7,0.809,3.4,1.4,2,40.4,40.4,0.06,6.4,40.4,3.4,1.4,2,40.4,0,0,0,,0
75,"Hampton Pirates",9,2.9,5.1,2.3,0.808,2.9,1.1,1.8,38.5,38.5,0.04,3.8,38.5,2.9,1.1,1.8,38.5,0,0,0,,0
75,"Abilene Christian Wildcats",12,2.2,4.2,1.8,0.808,2.2,0.8,1.3,38.5,38.5,0.08,7.7,38.5,2.2,0.8,1.3,38.5,0,0,0,,0
77,"East Tennessee State Buccaneers",14,2.6,4.4,2.1,0.806,2.6,1,1.6,38.9,38.9,0.03,2.8,38.9,2.6,1,1.6,38.9,0,0,0,,0
78,"Bethune-Cookman Wildcats",10,3,5,2.4,0.8,3,1.2,1.8,40,40,0.03,3.3,40,3,1.2,1.8,40,0,0,0,,0
78,"Loyola Marymount Lions",12,3.8,7.2,3,0.8,3.8,1.3,2.4,35.6,35.6,0.11,11.1,35.6,3.8,1.3,2.4,35.6,0,0,0,,0
78,"Monmouth Hawks",10,3,5.1,2.4,0.8,3,1.2,1.8,40,40,0,0,40,3,1.2,1.8,40,0,0,0,,0
78,"Nebraska-Omaha Mavericks",15,3,4.6,2.4,0.8,3,1.2,1.8,40,40,0.02,2.2,40,3,1.2,1.8,40,0,0,0,,0
82,"Houston Cougars",12,3.7,6.2,2.9,0.795,3.7,1.4,2.3,38.6,38.6,0.05,4.5,38.6,3.7,1.4,2.3,38.6,0,0,0,,0
83,"Alabama A&M Bulldogs",10,3.4,6.3,2.7,0.794,3.4,1.3,2.1,38.2,38.2,0.03,2.9,38.2,3.4,1.3,2.1,38.2,0,0,0,,0
84,"California Golden Bears",14,5.1,8.5,4,0.789,5.1,1.9,3.1,38,38,0.03,2.8,38,5.1,1.9,3.1,38,0,0,0,,0
85,"Tennessee State Tigers",11,3,4.8,2.4,0.788,3,1.2,1.8,39.4,39.4,0,0,39.4,3,1.2,1.8,39.4,0,0,0,,0
85,"Fresno State Bulldogs",13,2.5,5,2,0.788,2.5,0.9,1.6,36.4,36.4,0.09,9.1,36.4,2.5,0.9,1.6,36.4,0,0,0,,0
87,"Tennessee Lady Volunteers",11,2.5,4.3,2,0.786,2.5,1,1.5,39.3,39.3,0,0,39.3,2.5,1,1.5,39.3,0,0,0,,0
88,"Georgia Lady Bulldogs",13,3.9,7.3,3.1,0.784,3.9,1.5,2.4,39.2,39.2,0,0,39.2,3.9,1.5,2.4,39.2,0,0,0,,0
89,"Florida State Seminoles",14,1.9,2.8,1.5,0.778,1.9,0.7,1.2,37,37,0.04,3.7,37,1.9,0.7,1.2,37,0,0,0,,0
90,"Montana State Bobcats",11,3.6,7.1,2.8,0.775,3.6,1.4,2.3,37.5,37.5,0.03,2.5,37.5,3.6,1.4,2.3,37.5,0,0,0,,0
90,"Bowling Green Falcons",12,3.3,5.4,2.6,0.775,3.3,1.3,2.1,37.5,37.5,0.03,2.5,37.5,3.3,1.3,2.1,37.5,0,0,0,,0
92,"Central Michigan Chippewas",11,2.8,4.7,2.2,0.774,2.8,1.1,1.7,38.7,38.7,0.03,3.2,38.7,2.8,1.1,1.7,38.7,0,0,0,,0
93,"Central Connecticut State Blue Devils",11,2,3.4,1.5,0.773,2,0.7,1.3,36.4,36.4,0.05,4.5,36.4,2,0.7,1.3,36.4,0,0,0,,0
93,"Southern Miss Golden Eagles",13,3.4,5.4,2.6,0.773,3.4,1.3,2.1,38.6,38.6,0,0,38.6,3.4,1.3,2.1,38.6,0,0,0,,0
93,"North Alabama Lions",11,4,6.7,3.1,0.773,4,1.5,2.5,38.6,38.6,0,0,38.6,4,1.5,2.5,38.6,0,0,0,,0
96,"Bryant University Bulldogs",13,2.7,5.1,2.1,0.771,2.7,0.9,1.8,34.3,34.3,0.09,8.6,34.3,2.7,0.9,1.8,34.3,0,0,0,,0
97,"Western Michigan Broncos",10,1.3,2.1,1,0.769,1.3,0.5,0.8,38.5,38.5,0,0,38.5,1.3,0.5,0.8,38.5,0,0,0,,0
97,"Coastal Carolina Chanticleers",13,2,3.3,1.5,0.769,2,0.8,1.2,38.5,38.5,0,0,38.5,2,0.8,1.2,38.5,0,0,0,,0
97,"Northern Arizona Lumberjacks",13,2,3.3,1.5,0.769,2,0.8,1.2,38.5,38.5,0.04,3.8,38.5,2,0.8,1.2,38.5,0,0,0,,0
100,"New Mexico Lobos",11,3.9,6.6,3,0.767,3.9,1.5,2.5,37.2,37.2,0.05,4.7,37.2,3.9,1.5,2.5,37.2,0,0,0,,0
100,"Canisius Golden Griffins",11,2.7,4.2,2.1,0.767,2.7,1,1.7,36.7,36.7,0.03,3.3,36.7,2.7,1,1.7,36.7,0,0,0,,0
102,"Maine Black Bears",13,1.6,2.8,1.2,0.762,1.6,0.5,1.1,33.3,33.3,0.1,9.5,33.3,1.6,0.5,1.1,33.3,0,0,0,,0
102,"Iona Gaels",12,3.5,6.3,2.7,0.762,3.5,1.3,2.2,38.1,38.1,0.02,2.4,38.1,3.5,1.3,2.2,38.1,0,0,0,,0
104,"Navy Midshipmen",11,2.3,3.6,1.7,0.76,2.3,0.8,1.5,36,36,0.04,4,36,2.3,0.8,1.5,36,0,0,0,,0
104,"Arkansas-(Pine Bluff) Golden Lions",10,2.5,4.1,1.9,0.76,2.5,0.9,1.6,36,36,0.04,4,36,2.5,0.9,1.6,36,0,0,0,,0
106,"Weber State Wildcats",13,2.2,3.7,1.7,0.759,2.2,0.8,1.4,37.9,37.9,0.03,3.4,37.9,2.2,0.8,1.4,37.9,0,0,0,,0
107,"Kansas Jayhawks",13,2.8,4.9,2.2,0.757,2.8,1.1,1.8,37.8,37.8,0,0,37.8,2.8,1.1,1.8,37.8,0,0,0,,0
108,"Towson Tigers",11,4.1,6.4,3.1,0.756,4.1,1.5,2.5,37.8,37.8,0.02,2.2,37.8,4.1,1.5,2.5,37.8,0,0,0,,0
109,"North Texas Mean Green",12,3,5.4,2.3,0.75,3,1.1,1.9,36.1,36.1,0.08,8.3,36.1,3,1.1,1.9,36.1,0,0,0,,0
109,"Butler Bulldogs",14,2.3,3.7,1.7,0.75,2.3,0.9,1.4,37.5,37.5,0,0,37.5,2.3,0.9,1.4,37.5,0,0,0,,0
109,"UMBC Retrievers",11,2.9,5.7,2.2,0.75,2.9,1.1,1.8,37.5,37.5,0,0,37.5,2.9,1.1,1.8,37.5,0,0,0,,0
109,"Liberty Flames",11,1.5,2.4,1.1,0.75,1.5,0.5,0.9,37.5,37.5,0,0,37.5,1.5,0.5,0.9,37.5,0,0,0,,0
109,"UC Davis Aggies",12,3,4.8,2.3,0.75,3,1.1,1.9,36.1,36.1,0.06,5.6,36.1,3,1.1,1.9,36.1,0,0,0,,0
109,"Cal Poly SLO Mustangs",12,2,3.3,1.5,0.75,2,0.8,1.3,37.5,37.5,0,0,37.5,2,0.8,1.3,37.5,0,0,0,,0
109,"Quinnipiac Bobcats",11,2.9,5.3,2.2,0.75,2.9,1,1.9,34.4,34.4,0.06,6.3,34.4,2.9,1,1.9,34.4,0,0,0,,0
109,"Jackson State Tigers",11,3.6,6.4,2.7,0.75,3.6,1.4,2.3,37.5,37.5,0.03,2.5,37.5,3.6,1.4,2.3,37.5,0,0,0,,0
117,"Texas-(Austin) Longhorns",15,2.6,5.1,1.9,0.744,2.6,0.9,1.7,35.9,35.9,0.03,2.6,35.9,2.6,0.9,1.7,35.9,0,0,0,,0
118,"Bellarmine Knights",13,2.4,3.5,1.8,0.742,2.4,0.8,1.6,32.3,32.3,0.13,12.9,32.3,2.4,0.8,1.6,32.3,0,0,0,,0
118,"New Hampshire Wildcats",13,2.4,4.1,1.8,0.742,2.4,0.8,1.5,35.5,35.5,0.03,3.2,35.5,2.4,0.8,1.5,35.5,0,0,0,,0
120,"Vanderbilt Commodores",13,4.5,7.9,3.3,0.741,4.5,1.6,2.8,36.2,36.2,0.02,1.7,36.2,4.5,1.6,2.8,36.2,0,0,0,,0
121,"Eastern Illinois Panthers",13,3.5,5.7,2.6,0.739,3.5,1.2,2.4,32.6,32.6,0.11,10.9,32.6,3.5,1.2,2.4,32.6,0,0,0,,0
121,"Bradley Braves",12,3.8,6.3,2.8,0.739,3.8,1.4,2.4,37,37,0.02,2.2,37,3.8,1.4,2.4,37,0,0,0,,0
123,"Dartmouth Big Green",12,3.2,5.6,2.3,0.737,3.2,1.2,2,36.8,36.8,0.05,5.3,36.8,3.2,1.2,2,36.8,0,0,0,,0
123,"Seton Hall Pirates",13,2.9,4.9,2.2,0.737,2.9,1.1,1.8,36.8,36.8,0,0,36.8,2.9,1.1,1.8,36.8,0,0,0,,0
125,"Middle Tennessee State Blue Raiders",12,2.8,5,2.1,0.735,2.8,1,1.8,35.3,35.3,0.03,2.9,35.3,2.8,1,1.8,35.3,0,0,0,,0
126,"Niagara Purple Eagles",11,2.7,4.2,2,0.733,2.7,0.9,1.8,33.3,33.3,0.07,6.7,33.3,2.7,0.9,1.8,33.3,0,0,0,,0
126,"Kennesaw State Fighting Owls",10,3,5.7,2.2,0.733,3,1,2,33.3,33.3,0.07,6.7,33.3,3,1,2,33.3,0,0,0,,0
126,"Southern Indiana Screaming Eagles",11,2.7,5.3,2,0.733,2.7,1,1.7,36.7,36.7,0,0,36.7,2.7,1,1.7,36.7,0,0,0,,0
129,"UMKC Kangaroos",13,3.2,5.5,2.3,0.732,3.2,1.2,2,36.6,36.6,0,0,36.6,3.2,1.2,2,36.6,0,0,0,,0
130,"Valparaiso University",12,1.8,2.7,1.3,0.727,1.8,0.7,1.2,36.4,36.4,0,0,36.4,1.8,0.7,1.2,36.4,0,0,0,,0
130,"Iowa State Cyclones",13,3.4,5.8,2.5,0.727,3.4,1.2,2.2,34.1,34.1,0.05,4.5,34.1,3.4,1.2,2.2,34.1,0,0,0,,0
130,"North Carolina-Asheville Bulldogs",12,4.6,7.8,3.3,0.727,4.6,1.6,3,34.5,34.5,0.04,3.6,34.5,4.6,1.6,3,34.5,0,0,0,,0
133,"George Mason Patriots",12,3.3,5.6,2.4,0.725,3.3,1.2,2.2,35,35,0.03,2.5,35,3.3,1.2,2.2,35,0,0,0,,0
134,"Northern Iowa Panthers",11,2.6,4.4,1.9,0.724,2.6,0.9,1.7,34.5,34.5,0.03,3.4,34.5,2.6,0.9,1.7,34.5,0,0,0,,0
135,"Missouri Tigers",15,3.6,5.3,2.6,0.722,3.6,1.3,2.3,35.2,35.2,0.02,1.9,35.2,3.6,1.3,2.3,35.2,0,0,0,,0
136,"Rutgers Scarlet Knights",13,3.3,5.8,2.4,0.721,3.3,1.2,2.2,34.9,34.9,0.05,4.7,34.9,3.3,1.2,2.2,34.9,0,0,0,,0
137,"Gardner-Webb Runnin Bulldogs",14,1.8,3.3,1.3,0.72,1.8,0.6,1.1,36,36,0,0,36,1.8,0.6,1.1,36,0,0,0,,0
137,"Incarnate Word Cardinals",9,2.8,4.5,2,0.72,2.8,0.9,1.9,32,32,0.08,8,32,2.8,0.9,1.9,32,0,0,0,,0
139,"Howard Bison",15,2.6,4.4,1.9,0.718,2.6,0.9,1.7,35.9,35.9,0,0,35.9,2.6,0.9,1.7,35.9,0,0,0,,0
140,"Lamar Cardinals",10,2.8,5.5,2,0.714,2.8,1,1.8,35.7,35.7,0,0,35.7,2.8,1,1.8,35.7,0,0,0,,0
140,"Belmont Bruins",12,1.8,3,1.3,0.714,1.8,0.6,1.2,33.3,33.3,0.05,4.8,33.3,1.8,0.6,1.2,33.3,0,0,0,,0
140,"Saint Joseph's Hawks",11,1.3,2.3,0.9,0.714,1.3,0.5,0.8,35.7,35.7,0,0,35.7,1.3,0.5,0.8,35.7,0,0,0,,0
140,"Western Illinois Leathernecks",11,3.2,5.6,2.3,0.714,3.2,1.1,2.1,34.3,34.3,0.06,5.7,34.3,3.2,1.1,2.1,34.3,0,0,0,,0
144,"Troy Trojans",12,3.8,5.8,2.7,0.711,3.8,1.3,2.4,35.6,35.6,0,0,35.6,3.8,1.3,2.4,35.6,0,0,0,,0
144,"Morgan State Bears",15,2.5,4.1,1.8,0.711,2.5,0.9,1.7,34.2,34.2,0.03,2.6,34.2,2.5,0.9,1.7,34.2,0,0,0,,0
146,"Loyola (MD) Greyhounds",11,2.8,5.5,2,0.71,2.8,0.9,1.9,32.3,32.3,0.06,6.5,32.3,2.8,0.9,1.9,32.3,0,0,0,,0
147,"Providence Friars",14,1.7,3,1.2,0.708,1.7,0.6,1.1,33.3,33.3,0.04,4.2,33.3,1.7,0.6,1.1,33.3,0,0,0,,0
148,"Sacramento State Hornets",13,2.6,4.4,1.8,0.706,2.6,0.9,1.7,35.3,35.3,0,0,35.3,2.6,0.9,1.7,35.3,0,0,0,,0
148,"Sacred Heart Pioneers",11,1.5,2.9,1.1,0.706,1.5,0.5,1,35.3,35.3,0,0,35.3,1.5,0.5,1,35.3,0,0,0,,0
150,"Wagner Seahawks",10,2,3.4,1.4,0.7,2,0.7,1.3,35,35,0,0,35,2,0.7,1.3,35,0,0,0,,0
150,"Nebraska Cornhuskers",12,3.3,6.1,2.3,0.7,3.3,1.1,2.3,32.5,32.5,0.05,5,32.5,3.3,1.1,2.3,32.5,0,0,0,,0
150,"Illinois State Redbirds",12,1.7,2.8,1.2,0.7,1.7,0.6,1.1,35,35,0,0,35,1.7,0.6,1.1,35,0,0,0,,0
150,"USC Upstate Spartans",13,3.1,5.2,2.2,0.7,3.1,1,2.1,32.5,32.5,0.05,5,32.5,3.1,1,2.1,32.5,0,0,0,,0
154,"TCU Horned Frogs",13,3.3,5.4,2.3,0.698,3.3,1.2,2.2,34.9,34.9,0,0,34.9,3.3,1.2,2.2,34.9,0,0,0,,0
155,"Detroit Titans",11,2.1,3.5,1.5,0.696,2.1,0.7,1.4,34.8,34.8,0,0,34.8,2.1,0.7,1.4,34.8,0,0,0,,0
156,"UCLA Bruins",13,2.8,4.5,1.9,0.694,2.8,0.9,1.8,33.3,33.3,0.03,2.8,33.3,2.8,0.9,1.8,33.3,0,0,0,,0
157,"Southern Methodist Mustangs",13,3,4.9,2.1,0.692,3,1,2,33.3,33.3,0.03,2.6,33.3,3,1,2,33.3,0,0,0,,0
158,"Saint Louis Billikens",14,3,4.7,2.1,0.69,3,1,2,33.3,33.3,0.02,2.4,33.3,3,1,2,33.3,0,0,0,,0
158,"Cal State Fullerton Titans",12,3.5,6.8,2.4,0.69,3.5,1.2,2.3,33.3,33.3,0.02,2.4,33.3,3.5,1.2,2.3,33.3,0,0,0,,0
158,"Merrimack Warriors",10,2.9,4.7,2,0.69,2.9,1,1.9,34.5,34.5,0,0,34.5,2.9,1,1.9,34.5,0,0,0,,0
158,"Tennessee Tech Golden Eagles",11,2.6,4.7,1.8,0.69,2.6,0.8,1.8,31,31,0.1,10.3,31,2.6,0.8,1.8,31,0,0,0,,0
158,"Illinois-Chicago Flames",12,2.4,4,1.7,0.69,2.4,0.8,1.6,34.5,34.5,0,0,34.5,2.4,0.8,1.6,34.5,0,0,0,,0
158,"Stanford Cardinal",14,2.1,3.5,1.4,0.69,2.1,0.7,1.4,34.5,34.5,0.03,3.4,34.5,2.1,0.7,1.4,34.5,0,0,0,,0
164,"Mississippi Rebels",14,2.3,4.4,1.6,0.688,2.3,0.8,1.5,34.4,34.4,0,0,34.4,2.3,0.8,1.5,34.4,0,0,0,,0
165,"DePaul Blue Demons",14,1.4,2.3,0.9,0.684,1.4,0.4,0.9,31.6,31.6,0.05,5.3,31.6,1.4,0.4,0.9,31.6,0,0,0,,0
165,"Saint Peter's Peacocks",11,3.5,5.9,2.4,0.684,3.5,1.2,2.3,34.2,34.2,0,0,34.2,3.5,1.2,2.3,34.2,0,0,0,,0
165,"Brown Bears",11,1.7,3,1.2,0.684,1.7,0.5,1.2,31.6,31.6,0.05,5.3,31.6,1.7,0.5,1.2,31.6,0,0,0,,0
168,"Lafayette Leopards",11,4.5,6.8,3.1,0.68,4.5,1.5,3,34,34,0,0,34,4.5,1.5,3,34,0,0,0,,0
168,"UTEP Miners",10,2.5,4.2,1.7,0.68,2.5,0.8,1.7,32,32,0.04,4,32,2.5,0.8,1.7,32,0,0,0,,0
170,"Pennsylvania Quakers",11,2.5,4.6,1.7,0.679,2.5,0.8,1.7,32.1,32.1,0.04,3.6,32.1,2.5,0.8,1.7,32.1,0,0,0,,0
170,"Florida Gators",15,3.7,6.6,2.5,0.679,3.7,1.2,2.5,32.1,32.1,0.04,3.6,32.1,3.7,1.2,2.5,32.1,0,0,0,,0
172,"Stetson Hatters",10,3.4,5.3,2.3,0.676,3.4,1.1,2.3,32.4,32.4,0.03,2.9,32.4,3.4,1.1,2.3,32.4,0,0,0,,0
173,"South Florida Bulls",13,3.1,4.9,2.1,0.675,3.1,1,2.1,32.5,32.5,0.03,2.5,32.5,3.1,1,2.1,32.5,0,0,0,,0
174,"Tulsa Golden Hurricane",12,4.1,7.1,2.8,0.673,4.1,1.3,2.8,32.7,32.7,0.04,4.1,32.7,4.1,1.3,2.8,32.7,0,0,0,,0
175,"Portland State Vikings",12,3,4.7,2,0.667,3,1,2,33.3,33.3,0.03,2.8,33.3,3,1,2,33.3,0,0,0,,0
175,"North Dakota Fighting Hawks",13,3.9,5.7,2.6,0.667,3.9,1.3,2.6,33.3,33.3,0,0,33.3,3.9,1.3,2.6,33.3,0,0,0,,0
175,"Alcorn State Braves",11,2.2,3.8,1.5,0.667,2.2,0.7,1.5,33.3,33.3,0,0,33.3,2.2,0.7,1.5,33.3,0,0,0,,0
175,"Wisconsin-(Green Bay) Phoenix",13,2.3,4,1.5,0.667,2.3,0.8,1.5,33.3,33.3,0,0,33.3,2.3,0.8,1.5,33.3,0,0,0,,0
175,"Kansas State Wildcats",14,1.9,3.2,1.3,0.667,1.9,0.6,1.3,33.3,33.3,0,0,33.3,1.9,0.6,1.3,33.3,0,0,0,,0
175,"Wisconsin Badgers",12,2,3.5,1.3,0.667,2,0.7,1.3,33.3,33.3,0.08,8.3,33.3,2,0.7,1.3,33.3,0,0,0,,0
175,"Drexel Dragons",11,2.5,4.4,1.6,0.667,2.5,0.8,1.6,33.3,33.3,0,0,33.3,2.5,0.8,1.6,33.3,0,0,0,,0
175,"Memphis Tigers",13,2.3,3.7,1.5,0.667,2.3,0.7,1.6,30,30,0.07,6.7,30,2.3,0.7,1.6,30,0,0,0,,0
175,"Manhattan Jaspers",10,1.8,3.1,1.2,0.667,1.8,0.6,1.2,33.3,33.3,0,0,33.3,1.8,0.6,1.2,33.3,0,0,0,,0
184,"West Georgia Wolves",11,3.5,5.6,2.3,0.658,3.5,1.1,2.4,31.6,31.6,0.05,5.3,31.6,3.5,1.1,2.4,31.6,0,0,0,,0
185,"Wofford Terriers",13,2.5,4.1,1.6,0.656,2.5,0.8,1.7,31.3,31.3,0.03,3.1,31.3,2.5,0.8,1.7,31.3,0,0,0,,0
186,"Clemson Tigers",14,4.3,8.2,2.8,0.65,4.3,1.3,3,30,30,0.05,5,30,4.3,1.3,3,30,0,0,0,,0
187,"Colgate Raiders",11,3.4,5.5,2.2,0.649,3.4,1.1,2.3,32.4,32.4,0,0,32.4,3.4,1.1,2.3,32.4,0,0,0,,0
188,"Delaware Fightin Blue Hens",10,3.1,5.2,2,0.645,3.1,1,2.1,32.3,32.3,0,0,32.3,3.1,1,2.1,32.3,0,0,0,,0
189,"Xavier Musketeers",13,3,5.2,1.9,0.641,3,0.9,2.1,30.8,30.8,0.03,2.6,30.8,3,0.9,2.1,30.8,0,0,0,,0
190,"Indiana Hoosiers",13,1.9,3.1,1.2,0.64,1.9,0.5,1.4,28,28,0.08,8,28,1.9,0.5,1.4,28,0,0,0,,0
190,"Vermont Catamounts",15,3.3,6.3,2.1,0.64,3.3,1,2.3,30,30,0.06,6,30,3.3,1,2.3,30,0,0,0,,0
192,"Southern Utah Thunderbirds",12,1.8,3.1,1.2,0.636,1.8,0.6,1.3,31.8,31.8,0,0,31.8,1.8,0.6,1.3,31.8,0,0,0,,0
192,"Central Arkansas Bears",12,1.8,3.3,1.2,0.636,1.8,0.6,1.3,31.8,31.8,0,0,31.8,1.8,0.6,1.3,31.8,0,0,0,,0
194,"Virginia Tech Hokies",14,2.7,4.7,1.7,0.632,2.7,0.9,1.9,31.6,31.6,0.05,5.3,31.6,2.7,0.9,1.9,31.6,0,0,0,,0
194,"Kent State Golden Flashes",12,3.2,5.2,2,0.632,3.2,1,2.2,31.6,31.6,0,0,31.6,3.2,1,2.2,31.6,0,0,0,,0
196,"Idaho Vandals",13,3.5,5.6,2.2,0.63,3.5,1.1,2.5,30.4,30.4,0.02,2.2,30.4,3.5,1.1,2.5,30.4,0,0,0,,0
197,"Siena Saints",11,3.2,5.8,2,0.629,3.2,1,2.2,31.4,31.4,0,0,31.4,3.2,1,2.2,31.4,0,0,0,,0
197,"Southern Illinois Salukis",10,3.5,6.3,2.2,0.629,3.5,1.1,2.4,31.4,31.4,0,0,31.4,3.5,1.1,2.4,31.4,0,0,0,,0
199,"UCF Knights",12,3.6,6,2.3,0.628,3.6,1.1,2.5,30.2,30.2,0.02,2.3,30.2,3.6,1.1,2.5,30.2,0,0,0,,0
200,"Maryland-Eastern Shore Hawks",15,3.4,5.8,2.1,0.627,3.4,1.1,2.3,31.4,31.4,0,0,31.4,3.4,1.1,2.3,31.4,0,0,0,,0
201,"Charlotte 49ers",13,3.1,5.3,1.9,0.625,3.1,0.9,2.2,30,30,0.03,2.5,30,3.1,0.9,2.2,30,0,0,0,,0
201,"Iowa Hawkeyes",13,1.8,3,1.2,0.625,1.8,0.5,1.3,29.2,29.2,0.04,4.2,29.2,1.8,0.5,1.3,29.2,0,0,0,,0
201,"Akron Zips",11,2.9,4.6,1.8,0.625,2.9,0.9,2,31.3,31.3,0.03,3.1,31.3,2.9,0.9,2,31.3,0,0,0,,0
201,"Boston University Terriers",11,3.6,6.2,2.3,0.625,3.6,1.1,2.5,30,30,0.03,2.5,30,3.6,1.1,2.5,30,0,0,0,,0
201,"UC Riverside Highlanders",11,2.9,5.2,1.8,0.625,2.9,0.9,2,31.3,31.3,0,0,31.3,2.9,0.9,2,31.3,0,0,0,,0
206,"Southern University Jaguars",11,2.6,4.8,1.6,0.621,2.6,0.8,1.8,31,31,0,0,31,2.6,0.8,1.8,31,0,0,0,,0
207,"Georgia Tech Yellow Jackets",14,3,4.8,1.9,0.619,3,0.9,2.1,28.6,28.6,0.05,4.8,28.6,3,0.9,2.1,28.6,0,0,0,,0
208,"Queens University of Charlotte Royals",11,3.1,5,1.9,0.618,3.1,0.9,2.2,29.4,29.4,0.03,2.9,29.4,3.1,0.9,2.2,29.4,0,0,0,,0
209,"Grambling State Tigers",13,3.6,6.4,2.2,0.617,3.6,1.1,2.5,29.8,29.8,0.04,4.3,29.8,3.6,1.1,2.5,29.8,0,0,0,,0
210,"Nicholls State Colonels",9,2.9,4.7,1.8,0.615,2.9,0.9,2,30.8,30.8,0.04,3.8,30.8,2.9,0.9,2,30.8,0,0,0,,0
211,"Arkansas State Red Wolves",14,3.1,5.9,1.9,0.614,3.1,0.9,2.2,29.5,29.5,0.02,2.3,29.5,3.1,0.9,2.2,29.5,0,0,0,,0
212,"Richmond Spiders",14,3.5,6,2.1,0.612,3.5,1,2.5,28.6,28.6,0.04,4.1,28.6,3.5,1,2.5,28.6,0,0,0,,0
213,"Miami (OH) RedHawks",12,3,5.6,1.8,0.611,3,0.9,2.1,30.6,30.6,0,0,30.6,3,0.9,2.1,30.6,0,0,0,,0
213,"Oregon Ducks",14,3.9,6.8,2.4,0.611,3.9,1.1,2.7,29.6,29.6,0.02,1.9,29.6,3.9,1.1,2.7,29.6,0,0,0,,0
215,"N.J.I.T. Highlanders",12,3.4,5.5,2.1,0.61,3.4,1,2.4,29.3,29.3,0.02,2.4,29.3,3.4,1,2.4,29.3,0,0,0,,0
216,"South Carolina Gamecocks",14,3.6,5.7,2.2,0.608,3.6,1.1,2.6,29.4,29.4,0.02,2,29.4,3.6,1.1,2.6,29.4,0,0,0,,0
217,"Duke Blue Devils",13,2.2,3.6,1.3,0.607,2.2,0.6,1.5,28.6,28.6,0.04,3.6,28.6,2.2,0.6,1.5,28.6,0,0,0,,0
217,"Arkansas Razorbacks",15,3.7,5.5,2.3,0.607,3.7,1.1,2.6,30.4,30.4,0,0,30.4,3.7,1.1,2.6,30.4,0,0,0,,0
219,"Duquesne Dukes",12,2.8,4.5,1.7,0.606,2.8,0.8,1.9,30.3,30.3,0.03,3,30.3,2.8,0.8,1.9,30.3,0,0,0,,0
220,"Utah State Aggies",11,3.5,5.6,2.1,0.605,3.5,1,2.5,28.9,28.9,0.03,2.6,28.9,3.5,1,2.5,28.9,0,0,0,,0
220,"Pacific Tigers",12,3.6,6.1,2.2,0.605,3.6,1.1,2.5,30.2,30.2,0,0,30.2,3.6,1.1,2.5,30.2,0,0,0,,0
220,"Oklahoma Sooners",13,3.3,5,2,0.605,3.3,1,2.3,30.2,30.2,0,0,30.2,3.3,1,2.3,30.2,0,0,0,,0
223,"Purdue Fort Wayne Mastodons",13,4.1,7.1,2.5,0.604,4.1,1.2,2.9,28.3,28.3,0.04,3.8,28.3,4.1,1.2,2.9,28.3,0,0,0,,0
224,"Oklahoma State Cowgirls",14,3.6,6.6,2.1,0.6,3.6,1.1,2.5,30,30,0.02,2,30,3.6,1.1,2.5,30,0,0,0,,0
224,"Columbia Lions",12,2.9,5.2,1.8,0.6,2.9,0.8,2.1,28.6,28.6,0.03,2.9,28.6,2.9,0.8,2.1,28.6,0,0,0,,0
224,"North Florida Ospreys",11,2.3,3.5,1.4,0.6,2.3,0.6,1.6,28,28,0.04,4,28,2.3,0.6,1.6,28,0,0,0,,0
224,"Toledo Rockets",10,2.5,4.4,1.5,0.6,2.5,0.7,1.8,28,28,0.04,4,28,2.5,0.7,1.8,28,0,0,0,,0
224,"Ball State Cardinals",13,3.5,5.4,2.1,0.6,3.5,0.9,2.5,26.7,26.7,0.07,6.7,26.7,3.5,0.9,2.5,26.7,0,0,0,,0
229,"Rice Owls",13,2.8,5,1.7,0.595,2.8,0.8,2.1,27,27,0.05,5.4,27,2.8,0.8,2.1,27,0,0,0,,0
230,"Syracuse Orange",13,5.3,9.3,3.2,0.594,5.3,1.5,3.8,29,29,0.01,1.4,29,5.3,1.5,3.8,29,0,0,0,,0
231,"Texas-(Rio Grande Valley) Vaqueros",11,2.5,3.7,1.5,0.593,2.5,0.7,1.7,29.6,29.6,0,0,29.6,2.5,0.7,1.7,29.6,0,0,0,,0
231,"Long Island University Sharks",10,2.7,4.4,1.6,0.593,2.7,0.8,1.9,29.6,29.6,0,0,29.6,2.7,0.8,1.9,29.6,0,0,0,,0
231,"Wichita State Shockers",13,2.1,3.5,1.2,0.593,2.1,0.5,1.5,25.9,25.9,0.07,7.4,25.9,2.1,0.5,1.5,25.9,0,0,0,,0
231,"Chicago State Cougars",12,2.3,3.6,1.3,0.593,2.3,0.7,1.6,29.6,29.6,0,0,29.6,2.3,0.7,1.6,29.6,0,0,0,,0
235,"Louisville Cardinals",15,2.9,4.9,1.7,0.591,2.9,0.9,2.1,29.5,29.5,0,0,29.5,2.9,0.9,2.1,29.5,0,0,0,,0
236,"Penn State Lady Lions",13,2.6,4,1.5,0.588,2.6,0.8,1.8,29.4,29.4,0,0,29.4,2.6,0.8,1.8,29.4,0,0,0,,0
237,"Old Dominion Lady Monarchs",11,4.2,6.7,2.5,0.587,4.2,1.2,3,28.3,28.3,0.02,2.2,28.3,4.2,1.2,3,28.3,0,0,0,,0
238,"Idaho State Bengals",11,2.6,5.1,1.5,0.586,2.6,0.7,1.9,27.6,27.6,0.03,3.4,27.6,2.6,0.7,1.9,27.6,0,0,0,,0
238,"Cleveland State Vikings",14,4.1,7.3,2.4,0.586,4.1,1.2,2.9,29.3,29.3,0,0,29.3,4.1,1.2,2.9,29.3,0,0,0,,0
240,"Creighton Bluejays",13,1.8,3.2,1.1,0.583,1.8,0.5,1.3,29.2,29.2,0,0,29.2,1.8,0.5,1.3,29.2,0,0,0,,0
240,"Illinois Fighting Illini",13,1.8,3.3,1.1,0.583,1.8,0.5,1.3,29.2,29.2,0,0,29.2,1.8,0.5,1.3,29.2,0,0,0,,0
240,"Marshall Thundering Herd",14,3.4,5.9,2,0.583,3.4,1,2.4,29.2,29.2,0,0,29.2,3.4,1,2.4,29.2,0,0,0,,0
243,"North Carolina Tar Heels",14,2.2,4.1,1.3,0.581,2.2,0.6,1.6,29,29,0,0,29,2.2,0.6,1.6,29,0,0,0,,0
244,"West Virginia Mountaineers",13,3.8,7.5,2.2,0.58,3.8,1.1,2.8,28,28,0.04,4,28,3.8,1.1,2.8,28,0,0,0,,0
245,"Samford Bulldogs",16,2.8,4.6,1.6,0.578,2.8,0.8,2,28.9,28.9,0,0,28.9,2.8,0.8,2,28.9,0,0,0,,0
246,"Michigan State Spartans",13,2,3.7,1.2,0.577,2,0.5,1.5,26.9,26.9,0.04,3.8,26.9,2,0.5,1.5,26.9,0,0,0,,0
247,"James Madison Dukes",14,2.4,3.9,1.4,0.576,2.4,0.6,1.7,27.3,27.3,0.03,3,27.3,2.4,0.6,1.7,27.3,0,0,0,,0
248,"Southeast Missouri State Redhawks",10,4.7,7.1,2.7,0.574,4.7,1.3,3.4,27.7,27.7,0.04,4.3,27.7,4.7,1.3,3.4,27.7,0,0,0,,0
249,"Ohio State Buckeyes",13,3.2,5.5,1.8,0.571,3.2,0.8,2.4,26.2,26.2,0.05,4.8,26.2,3.2,0.8,2.4,26.2,0,0,0,,0
249,"Lindenwood University Lions",12,2.3,4,1.3,0.571,2.3,0.7,1.7,28.6,28.6,0,0,28.6,2.3,0.7,1.7,28.6,0,0,0,,0
249,"St. Bonaventure Bonnies",13,2.7,4.7,1.5,0.571,2.7,0.8,1.9,28.6,28.6,0,0,28.6,2.7,0.8,1.9,28.6,0,0,0,,0
252,"Alabama Crimson Tide",14,4.1,7.2,2.4,0.569,4.1,1.1,3,27.6,27.6,0.02,1.7,27.6,4.1,1.1,3,27.6,0,0,0,,0
253,"Chattanooga Mocs",12,2.5,4.7,1.4,0.567,2.5,0.7,1.8,26.7,26.7,0.03,3.3,26.7,2.5,0.7,1.8,26.7,0,0,0,,0
254,"UC San Diego Tritons",11,4.2,7.2,2.4,0.565,4.2,1.2,3,28.3,28.3,0,0,28.3,4.2,1.2,3,28.3,0,0,0,,0
254,"Jacksonville State Gamecocks",12,1.9,3.5,1.1,0.565,1.9,0.5,1.4,26.1,26.1,0.09,8.7,26.1,1.9,0.5,1.4,26.1,0,0,0,,0
256,"New Mexico State Aggies",11,3.5,6,2,0.564,3.5,1,2.5,28.2,28.2,0,0,28.2,3.5,1,2.5,28.2,0,0,0,,0
257,"Northwestern Wildcats",12,2.7,4.3,1.5,0.563,2.7,0.8,1.9,28.1,28.1,0,0,28.1,2.7,0.8,1.9,28.1,0,0,0,,0
257,"Texas-(Arlington) Mavericks",12,2.7,4.6,1.5,0.563,2.7,0.8,1.9,28.1,28.1,0,0,28.1,2.7,0.8,1.9,28.1,0,0,0,,0
257,"Notre Dame Fighting Irish",11,2.9,5.1,1.6,0.563,2.9,0.8,2.1,28.1,28.1,0,0,28.1,2.9,0.8,2.1,28.1,0,0,0,,0
257,"High Point Panthers",13,2.5,4,1.4,0.563,2.5,0.7,1.8,28.1,28.1,0.03,3.1,28.1,2.5,0.7,1.8,28.1,0,0,0,,0
261,"Appalachian State Mountaineers",11,2.3,4.3,1.3,0.56,2.3,0.5,1.7,24,24,0.08,8,24,2.3,0.5,1.7,24,0,0,0,,0
262,"Tarleton State Texans",11,3.1,4.9,1.7,0.559,3.1,0.8,2.3,26.5,26.5,0.03,2.9,26.5,3.1,0.8,2.3,26.5,0,0,0,,0
262,"Florida Gulf Coast Eagles",10,3.4,5.4,1.9,0.559,3.4,0.9,2.5,26.5,26.5,0.03,2.9,26.5,3.4,0.9,2.5,26.5,0,0,0,,0
262,"California Baptist Lancers",13,2.6,4.1,1.5,0.559,2.6,0.7,1.9,26.5,26.5,0.03,2.9,26.5,2.6,0.7,1.9,26.5,0,0,0,,0
265,"Air Force Falcons",12,3,6,1.7,0.556,3,0.8,2.2,27.8,27.8,0,0,27.8,3,0.8,2.2,27.8,0,0,0,,0
265,"Buffalo Bulls",11,2.5,4,1.4,0.556,2.5,0.6,1.8,25.9,25.9,0.04,3.7,25.9,2.5,0.6,1.8,25.9,0,0,0,,0
267,"Albany Great Danes",13,2.2,4.4,1.2,0.552,2.2,0.6,1.6,27.6,27.6,0,0,27.6,2.2,0.6,1.6,27.6,0,0,0,,0
267,"Wisconsin-(Milwaukee) Panthers",13,2.2,3.8,1.2,0.552,2.2,0.6,1.6,27.6,27.6,0,0,27.6,2.2,0.6,1.6,27.6,0,0,0,,0
267,"Colorado State Rams",13,2.2,4.1,1.2,0.552,2.2,0.6,1.6,27.6,27.6,0,0,27.6,2.2,0.6,1.6,27.6,0,0,0,,0
270,"Georgetown Hoyas",12,3.3,5.8,1.8,0.55,3.3,0.9,2.4,27.5,27.5,0,0,27.5,3.3,0.9,2.4,27.5,0,0,0,,0
271,"South Dakota Coyotes",13,2.4,4.3,1.3,0.548,2.4,0.6,1.8,25.8,25.8,0.06,6.5,25.8,2.4,0.6,1.8,25.8,0,0,0,,0
272,"Harvard Crimson",12,1.8,3.5,1,0.545,1.8,0.5,1.3,27.3,27.3,0,0,27.3,1.8,0.5,1.3,27.3,0,0,0,,0
272,"Texas Southern Tigers",11,3,4.4,1.6,0.545,3,0.8,2.2,27.3,27.3,0,0,27.3,3,0.8,2.2,27.3,0,0,0,,0
274,"Ohio Bobcats",10,3.5,5.8,1.9,0.543,3.5,0.9,2.6,25.7,25.7,0.03,2.9,25.7,3.5,0.9,2.6,25.7,0,0,0,,0
275,"LSU Tigers",14,4.2,7.3,2.3,0.542,4.2,1.1,3.1,25.4,25.4,0.05,5.1,25.4,4.2,1.1,3.1,25.4,0,0,0,,0
275,"George Washington Revolutionaries",14,3.4,6.2,1.9,0.542,3.4,0.9,2.5,27.1,27.1,0,0,27.1,3.4,0.9,2.5,27.1,0,0,0,,0
277,"Furman Paladins",13,2.8,4.8,1.5,0.541,2.8,0.8,2.1,27,27,0,0,27,2.8,0.8,2.1,27,0,0,0,,0
278,"Washington Huskies",12,2.2,3.8,1.2,0.538,2.2,0.6,1.6,26.9,26.9,0,0,26.9,2.2,0.6,1.6,26.9,0,0,0,,0
278,"North Dakota State Bison",12,2.2,3.9,1.2,0.538,2.2,0.6,1.6,26.9,26.9,0,0,26.9,2.2,0.6,1.6,26.9,0,0,0,,0
278,"Oregon State Beavers",14,1.9,3,1,0.538,1.9,0.5,1.4,26.9,26.9,0,0,26.9,1.9,0.5,1.4,26.9,0,0,0,,0
281,"Lehigh Mountain Hawks",11,2.5,4.2,1.4,0.536,2.5,0.6,1.9,25,25,0.04,3.6,25,2.5,0.6,1.9,25,0,0,0,,0
282,"UNLV Rebels",12,1.3,2,0.7,0.533,1.3,0.3,0.9,26.7,26.7,0,0,26.7,1.3,0.3,0.9,26.7,0,0,0,,0
282,"Virginia Cavaliers",12,2.5,4.5,1.3,0.533,2.5,0.7,1.8,26.7,26.7,0,0,26.7,2.5,0.7,1.8,26.7,0,0,0,,0
284,"Indiana State Sycamores",10,3.6,5.8,1.9,0.528,3.6,0.9,2.7,25,25,0.06,5.6,25,3.6,0.9,2.7,25,0,0,0,,0
285,"Hawaii Warriors",12,3.2,5.2,1.7,0.526,3.2,0.8,2.3,26.3,26.3,0,0,26.3,3.2,0.8,2.3,26.3,0,0,0,,0
286,"Northern Colorado Bears",13,3.2,5.8,1.7,0.524,3.2,0.8,2.4,26.2,26.2,0,0,26.2,3.2,0.8,2.4,26.2,0,0,0,,0
286,"Delaware State Hornets",14,3,5.5,1.6,0.524,3,0.8,2.2,26.2,26.2,0.02,2.4,26.2,3,0.8,2.2,26.2,0,0,0,,0
286,"Texas A&M-(Corpus Christi) Islanders",9,2.3,3.9,1.2,0.524,2.3,0.6,1.8,23.8,23.8,0.05,4.8,23.8,2.3,0.6,1.8,23.8,0,0,0,,0
289,"William & Mary Tribe",11,2.1,3.8,1.1,0.522,2.1,0.5,1.5,26.1,26.1,0,0,26.1,2.1,0.5,1.5,26.1,0,0,0,,0
289,"Robert Morris Colonials",11,2.1,3.5,1.1,0.522,2.1,0.5,1.5,26.1,26.1,0,0,26.1,2.1,0.5,1.5,26.1,0,0,0,,0
291,"La Salle Explorers",12,2.3,3.8,1.2,0.519,2.3,0.6,1.7,25.9,25.9,0,0,25.9,2.3,0.6,1.7,25.9,0,0,0,,0
291,"Georgia Southern Eagles",12,2.3,3.6,1.2,0.519,2.3,0.6,1.7,25.9,25.9,0,0,25.9,2.3,0.6,1.7,25.9,0,0,0,,0
293,"Arizona Wildcats",12,2.9,4.9,1.5,0.514,2.9,0.8,2.2,25.7,25.7,0.03,2.9,25.7,2.9,0.8,2.2,25.7,0,0,0,,0
293,"Longwood Lancers",13,2.8,4.4,1.5,0.514,2.8,0.7,2.2,24.3,24.3,0.03,2.7,24.3,2.8,0.7,2.2,24.3,0,0,0,,0
295,"Missouri State Lady Bears",13,3.6,5.9,1.8,0.511,3.6,0.9,2.7,25.5,25.5,0.02,2.1,25.5,3.6,0.9,2.7,25.5,0,0,0,,0
296,"Norfolk State Spartans",15,3.2,5.5,1.6,0.5,3.2,0.8,2.4,25,25,0,0,25,3.2,0.8,2.4,25,0,0,0,,0
296,"Cal State Northridge Matadors",11,3.1,5,1.5,0.5,3.1,0.7,2.4,23.5,23.5,0.03,2.9,23.5,3.1,0.7,2.4,23.5,0,0,0,,0
296,"Northwestern State Demons",11,3.6,6.3,1.8,0.5,3.6,0.9,2.7,25,25,0,0,25,3.6,0.9,2.7,25,0,0,0,,0
296,"Morehead State Eagles",13,2.2,3.4,1.1,0.5,2.2,0.5,1.6,25,25,0,0,25,2.2,0.5,1.6,25,0,0,0,,0
296,"Utah Valley Wolverines",11,2.5,5.1,1.3,0.5,2.5,0.6,1.9,25,25,0,0,25,2.5,0.6,1.9,25,0,0,0,,0
296,"Miami (FL) Hurricanes",13,2.2,3.6,1.1,0.5,2.2,0.5,1.6,25,25,0,0,25,2.2,0.5,1.6,25,0,0,0,,0
296,"Oral Roberts Golden Eagles",12,3.3,5.3,1.7,0.5,3.3,0.8,2.5,25,25,0,0,25,3.3,0.8,2.5,25,0,0,0,,0
303,"Mississippi State Bulldogs",14,3.8,6.4,1.9,0.491,3.8,0.9,2.9,22.6,22.6,0.04,3.8,22.6,3.8,0.9,2.9,22.6,0,0,0,,0
304,"San Jose State Spartans",13,3,4.6,1.5,0.487,3,0.7,2.3,23.1,23.1,0.03,2.6,23.1,3,0.7,2.3,23.1,0,0,0,,0
305,"Wake Forest Demon Deacons",14,3.9,6,1.9,0.481,3.9,0.9,2.9,24.1,24.1,0,0,24.1,3.9,0.9,2.9,24.1,0,0,0,,0
306,"SIU Edwardsville Cougars",12,4.2,7.3,2,0.48,4.2,1,3.2,24,24,0.02,2,24,4.2,1,3.2,24,0,0,0,,0
306,"Marquette Golden Eagles",12,2.1,3.4,1,0.48,2.1,0.5,1.6,24,24,0,0,24,2.1,0.5,1.6,24,0,0,0,,0
308,"Kentucky Wildcats",14,3,5.4,1.4,0.476,3,0.7,2.3,23.8,23.8,0.02,2.4,23.8,3,0.7,2.3,23.8,0,0,0,,0
309,"Elon Phoenix",11,3.6,6.5,1.7,0.475,3.6,0.8,2.8,22.5,22.5,0.03,2.5,22.5,3.6,0.8,2.8,22.5,0,0,0,,0
310,"Houston Christian Huskies",10,3.8,6.2,1.8,0.474,3.8,0.9,2.9,23.7,23.7,0,0,23.7,3.8,0.9,2.9,23.7,0,0,0,,0
311,"Winthrop Eagles",14,2.6,4.4,1.2,0.472,2.6,0.6,2,22.2,22.2,0.03,2.8,22.2,2.6,0.6,2,22.2,0,0,0,,0
312,"Rhode Island Rams",12,2.5,4.6,1.2,0.467,2.5,0.6,1.9,23.3,23.3,0,0,23.3,2.5,0.6,1.9,23.3,0,0,0,,0
313,"Baylor Bears",14,4.1,6.5,1.9,0.466,4.1,0.9,3.2,22.4,22.4,0.02,1.7,22.4,4.1,0.9,3.2,22.4,0,0,0,,0
314,"Denver Pioneers",13,3.3,5.6,1.5,0.465,3.3,0.8,2.5,23.3,23.3,0,0,23.3,3.3,0.8,2.5,23.3,0,0,0,,0
315,"Arizona State Sun Devils",14,2.8,5,1.3,0.462,2.8,0.6,2.1,23.1,23.1,0.03,2.6,23.1,2.8,0.6,2.1,23.1,0,0,0,,0
315,"Stonehill College Skyhawks",10,2.6,4.2,1.2,0.462,2.6,0.6,2,23.1,23.1,0,0,23.1,2.6,0.6,2,23.1,0,0,0,,0
317,"Louisiana Tech Lady Techsters",11,3.4,5.7,1.5,0.459,3.4,0.7,2.6,21.6,21.6,0.03,2.7,21.6,3.4,0.7,2.6,21.6,0,0,0,,0
318,"Utah Utes",13,2.7,4.4,1.2,0.457,2.7,0.6,2.1,22.9,22.9,0,0,22.9,2.7,0.6,2.1,22.9,0,0,0,,0
319,"Eastern Kentucky Colonels",12,1.8,3,0.8,0.455,1.8,0.4,1.4,22.7,22.7,0.05,4.5,22.7,1.8,0.4,1.4,22.7,0,0,0,,0
319,"Hofstra Pride",11,2,3.5,0.9,0.455,2,0.5,1.5,22.7,22.7,0,0,22.7,2,0.5,1.5,22.7,0,0,0,,0
319,"Florida Atlantic Owls",12,1.8,3.3,0.8,0.455,1.8,0.4,1.4,22.7,22.7,0,0,22.7,1.8,0.4,1.4,22.7,0,0,0,,0
322,"Northern Illinois Huskies",11,2.8,4.8,1.3,0.452,2.8,0.6,2.2,22.6,22.6,0,0,22.6,2.8,0.6,2.2,22.6,0,0,0,,0
323,"Northeastern Huskies",10,1.8,3.2,0.8,0.444,1.8,0.4,1.4,22.2,22.2,0,0,22.2,1.8,0.4,1.4,22.2,0,0,0,,0
323,"Holy Cross Crusaders",11,2.5,4.2,1.1,0.444,2.5,0.5,1.9,22.2,22.2,0,0,22.2,2.5,0.5,1.9,22.2,0,0,0,,0
323,"St. John's Red Storm",14,2.6,4.5,1.1,0.444,2.6,0.5,2.1,19.4,19.4,0.08,8.3,19.4,2.6,0.5,2.1,19.4,0,0,0,,0
326,"Purdue Boilermakers",13,2.5,4.4,1.1,0.438,2.5,0.5,1.9,21.9,21.9,0.03,3.1,21.9,2.5,0.5,1.9,21.9,0,0,0,,0
327,"Charleston Cougars",11,2.5,4.2,1.1,0.429,2.5,0.5,2,21.4,21.4,0,0,21.4,2.5,0.5,2,21.4,0,0,0,,0
328,"UAB Blazers",13,2.5,4.2,1.1,0.424,2.5,0.5,2,21.2,21.2,0,0,21.2,2.5,0.5,2,21.2,0,0,0,,0
329,"Fordham Rams",12,3.2,5.6,1.3,0.421,3.2,0.7,2.5,21.1,21.1,0,0,21.1,3.2,0.7,2.5,21.1,0,0,0,,0
330,"Pepperdine Waves",13,3.3,5.1,1.4,0.419,3.3,0.7,2.6,20.9,20.9,0,0,20.9,3.3,0.7,2.6,20.9,0,0,0,,0
331,"Fairleigh Dickinson Knights",11,2.6,4.8,1.1,0.414,2.6,0.5,2.2,17.2,17.2,0.07,6.9,17.2,2.6,0.5,2.2,17.2,0,0,0,,0
331,"Texas-(San Antonio) Roadrunners",11,2.6,4.4,1.1,0.414,2.6,0.5,2.1,20.7,20.7,0,0,20.7,2.6,0.5,2.1,20.7,0,0,0,,0
333,"Florida International Panthers",10,3.4,5.7,1.4,0.412,3.4,0.7,2.7,20.6,20.6,0.03,2.9,20.6,3.4,0.7,2.7,20.6,0,0,0,,0
334,"Temple Owls",12,2.3,3.6,0.9,0.407,2.3,0.4,1.8,18.5,18.5,0.04,3.7,18.5,2.3,0.4,1.8,18.5,0,0,0,,0
334,"Tulane Green Wave",12,4.5,7.1,1.8,0.407,4.5,0.9,3.6,20.4,20.4,0,0,20.4,4.5,0.9,3.6,20.4,0,0,0,,0
336,"Connecticut Huskies",13,1.5,2.8,0.6,0.4,1.5,0.3,1.2,20,20,0,0,20,1.5,0.3,1.2,20,0,0,0,,0
336,"Colorado Buffaloes",13,2.7,5.2,1.1,0.4,2.7,0.5,2.2,20,20,0,0,20,2.7,0.5,2.2,20,0,0,0,,0
338,"UC Irvine Anteaters",13,2.8,4.9,1.1,0.389,2.8,0.5,2.2,19.4,19.4,0,0,19.4,2.8,0.5,2.2,19.4,0,0,0,,0
339,"San Francisco Dons",12,2.6,4.3,1,0.387,2.6,0.5,2.1,19.4,19.4,0,0,19.4,2.6,0.5,2.1,19.4,0,0,0,,0
340,"Auburn Tigers",13,2,3.8,0.8,0.385,2,0.4,1.6,19.2,19.2,0,0,19.2,2,0.4,1.6,19.2,0,0,0,,0
341,"Bucknell Bison",11,1.9,3.4,0.7,0.381,1.9,0.4,1.5,19,19,0,0,19,1.9,0.4,1.5,19,0,0,0,,0
342,"Campbell Fighting Camels",15,2.1,4,0.8,0.375,2.1,0.4,1.7,18.8,18.8,0,0,18.8,2.1,0.4,1.7,18.8,0,0,0,,0
342,"Mercer Bears",15,3.2,5.6,1.2,0.375,3.2,0.6,2.6,18.8,18.8,0.02,2.1,18.8,3.2,0.6,2.6,18.8,0,0,0,,0
342,"Eastern Michigan Eagles",11,2.2,4,0.8,0.375,2.2,0.4,1.8,16.7,16.7,0.04,4.2,16.7,2.2,0.4,1.8,16.7,0,0,0,,0
345,"Nevada Wolf Pack",11,2.5,4.3,0.9,0.37,2.5,0.5,2,18.5,18.5,0,0,18.5,2.5,0.5,2,18.5,0,0,0,,0
346,"North Carolina-Wilmington Seahawks",11,2,3.2,0.7,0.364,2,0.4,1.6,18.2,18.2,0,0,18.2,2,0.4,1.6,18.2,0,0,0,,0
347,"Binghamton Bearcats",11,2.3,3.8,0.8,0.36,2.3,0.4,1.9,16,16,0.04,4,16,2.3,0.4,1.9,16,0,0,0,,0
348,"Tennessee-Martin Skyhawks",11,3.5,5.8,1.3,0.359,3.5,0.6,2.9,17.9,17.9,0.03,2.6,17.9,3.5,0.6,2.9,17.9,0,0,0,,0
349,"USC Trojans",12,2.3,4,0.8,0.357,2.3,0.4,1.9,17.9,17.9,0,0,17.9,2.3,0.4,1.9,17.9,0,0,0,,0
350,"Sam Houston State Bearkats",11,2.8,5.4,1,0.355,2.8,0.5,2.4,16.1,16.1,0.03,3.2,16.1,2.8,0.5,2.4,16.1,0,0,0,,0
351,"North Carolina A&T Aggies",10,1.7,2.7,0.6,0.353,1.7,0.3,1.4,17.6,17.6,0,0,17.6,1.7,0.3,1.4,17.6,0,0,0,,0
352,"Jacksonville Dolphins",10,2.9,4.5,1,0.345,2.9,0.5,2.4,17.2,17.2,0,0,17.2,2.9,0.5,2.4,17.2,0,0,0,,0
353,"Minnesota Golden Gophers",12,2.7,5,0.9,0.344,2.7,0.4,2.3,15.6,15.6,0.03,3.1,15.6,2.7,0.4,2.3,15.6,0,0,0,,0
354,"Georgia State Panthers",14,3.1,4.9,1,0.326,3.1,0.5,2.6,16.3,16.3,0,0,16.3,3.1,0.5,2.6,16.3,0,0,0,,0
354,"South Dakota State Jackrabbits",14,3.1,4.7,1,0.326,3.1,0.5,2.6,16.3,16.3,0,0,16.3,3.1,0.5,2.6,16.3,0,0,0,,0
356,"San Diego State Aztecs",11,2.8,4.9,0.9,0.323,2.8,0.5,2.4,16.1,16.1,0,0,16.1,2.8,0.5,2.4,16.1,0,0,0,,0
357,"Alabama State Hornets",11,2.5,3.8,0.8,0.321,2.5,0.4,2.2,14.3,14.3,0.04,3.6,14.3,2.5,0.4,2.2,14.3,0,0,0,,0
358,"San Diego Toreros",14,2.7,4.7,0.9,0.316,2.7,0.4,2.3,15.8,15.8,0,0,15.8,2.7,0.4,2.3,15.8,0,0,0,,0
358,"Long Beach State 49ers",11,3.5,5.3,1.1,0.316,3.5,0.5,2.9,15.8,15.8,0,0,15.8,3.5,0.5,2.9,15.8,0,0,0,,0
358,"UNC Greensboro Spartans",13,2.9,5.7,0.9,0.316,2.9,0.5,2.5,15.8,15.8,0,0,15.8,2.9,0.5,2.5,15.8,0,0,0,,0
361,"Yale Bulldogs",13,2.5,4,0.8,0.313,2.5,0.4,2.1,15.6,15.6,0,0,15.6,2.5,0.4,2.1,15.6,0,0,0,,0
362,"Western Kentucky Hilltoppers",11,2.9,4.6,0.7,0.25,2.9,0.4,2.5,12.5,12.5,0,0,12.5,2.9,0.4,2.5,12.5,0,0,0,,0
363,"Cornell Big Red",12,1.7,3.1,0.3,0.2,1.7,0.2,1.5,10,10,0,0,10,1.7,0.2,1.5,10,0,0,0,,0